id,run_at,icao,period_name,start_time,is_daytime,temp_f,short_fcst,detailed_fcst
1,2026-05-30T01:13:30Z,KATL,Tonight,2026-05-29T19:00:00-04:00,0,67.0,Showers And Thunderstorms Likely,"Showers and thunderstorms likely before 8pm, then showers and thunderstorms likely between 8pm and 2am, then a chance of showers and thunderstorms between 2am and 5am, then a chance of showers and thunderstorms. Mostly cloudy, with a low around 67. South wind 0 to 5 mph. Chance of precipitation is 70%. New rainfall amounts between a quarter and half of an inch possible."
2,2026-05-30T01:13:30Z,KATL,Saturday,2026-05-30T06:00:00-04:00,1,82.0,Chance Showers And Thunderstorms then Showers And Thunderstorms Likely,"A chance of showers and thunderstorms before 11am, then showers and thunderstorms likely. Mostly cloudy, with a high near 82. West wind 0 to 5 mph. Chance of precipitation is 70%. New rainfall amounts between a tenth and quarter of an inch possible."
3,2026-05-30T01:13:30Z,KATL,Saturday Night,2026-05-30T18:00:00-04:00,0,66.0,Showers And Thunderstorms Likely,"Showers and thunderstorms likely. Mostly cloudy, with a low around 66. North wind 0 to 5 mph. Chance of precipitation is 60%."
4,2026-05-30T01:13:30Z,KATL,Sunday,2026-05-31T06:00:00-04:00,1,75.0,Chance Rain Showers,"A chance of rain showers before 2pm, then a chance of showers and thunderstorms between 2pm and 5pm, then a chance of showers and thunderstorms. Mostly cloudy, with a high near 75. East wind 5 to 10 mph, with gusts as high as 25 mph. Chance of precipitation is 40%."
5,2026-05-30T01:13:30Z,KATL,Sunday Night,2026-05-31T18:00:00-04:00,0,63.0,Chance Showers And Thunderstorms,"A chance of showers and thunderstorms. Mostly cloudy, with a low around 63. East wind 0 to 10 mph, with gusts as high as 20 mph. Chance of precipitation is 50%."
6,2026-05-30T01:13:30Z,KATL,Monday,2026-06-01T06:00:00-04:00,1,83.0,Chance Rain Showers then Slight Chance Showers And Thunderstorms,"A chance of rain showers before 2pm, then a slight chance of showers and thunderstorms. Partly sunny, with a high near 83. Chance of precipitation is 50%."
7,2026-05-30T01:13:30Z,KATL,Monday Night,2026-06-01T18:00:00-04:00,0,66.0,Slight Chance Showers And Thunderstorms,"A slight chance of showers and thunderstorms. Mostly clear, with a low around 66. Chance of precipitation is 20%."
8,2026-05-30T01:13:30Z,KATL,Tuesday,2026-06-02T06:00:00-04:00,1,84.0,Slight Chance Rain Showers then Slight Chance Showers And Thunderstorms,"A slight chance of rain showers before 8am, then a slight chance of showers and thunderstorms. Mostly sunny, with a high near 84. Chance of precipitation is 20%."
9,2026-05-30T01:13:30Z,KATL,Tuesday Night,2026-06-02T18:00:00-04:00,0,63.0,Slight Chance Showers And Thunderstorms then Mostly Clear,"A slight chance of showers and thunderstorms before 8pm. Mostly clear, with a low around 63. Chance of precipitation is 20%."
10,2026-05-30T01:13:30Z,KATL,Wednesday,2026-06-03T06:00:00-04:00,1,82.0,Sunny,"Sunny, with a high near 82."
11,2026-05-30T01:13:30Z,KATL,Wednesday Night,2026-06-03T18:00:00-04:00,0,62.0,Mostly Clear,"Mostly clear, with a low around 62."
12,2026-05-30T01:13:30Z,KATL,Thursday,2026-06-04T06:00:00-04:00,1,82.0,Sunny,"Sunny, with a high near 82."
13,2026-05-30T01:13:30Z,KATL,Thursday Night,2026-06-04T18:00:00-04:00,0,63.0,Mostly Clear,"Mostly clear, with a low around 63."
14,2026-05-30T01:13:30Z,KATL,Friday,2026-06-05T06:00:00-04:00,1,82.0,Slight Chance Rain Showers then Chance Showers And Thunderstorms,"A slight chance of rain showers between 8am and 2pm, then a chance of showers and thunderstorms. Mostly sunny, with a high near 82."
15,2026-05-30T01:13:30Z,KAUS,Tonight,2026-05-29T19:00:00-05:00,0,73.0,Partly Cloudy,"Partly cloudy, with a low around 73. South wind 5 to 10 mph."
16,2026-05-30T01:13:30Z,KAUS,Saturday,2026-05-30T06:00:00-05:00,1,92.0,Partly Sunny,"Partly sunny, with a high near 92. South wind 5 to 10 mph."
17,2026-05-30T01:13:30Z,KAUS,Saturday Night,2026-05-30T18:00:00-05:00,0,74.0,Mostly Cloudy,"Mostly cloudy, with a low around 74. South southeast wind 5 to 10 mph."
18,2026-05-30T01:13:30Z,KAUS,Sunday,2026-05-31T06:00:00-05:00,1,93.0,Partly Sunny,"Partly sunny, with a high near 93. South wind 5 to 10 mph."
19,2026-05-30T01:13:30Z,KAUS,Sunday Night,2026-05-31T18:00:00-05:00,0,76.0,Partly Cloudy,"Partly cloudy, with a low around 76. South southeast wind 0 to 10 mph."
20,2026-05-30T01:13:30Z,KAUS,Monday,2026-06-01T06:00:00-05:00,1,93.0,Partly Sunny then Chance Showers And Thunderstorms,"A chance of showers and thunderstorms after 1pm. Partly sunny, with a high near 93. South southeast wind 0 to 10 mph. Chance of precipitation is 50%."
21,2026-05-30T01:13:30Z,KAUS,Monday Night,2026-06-01T18:00:00-05:00,0,75.0,Chance Showers And Thunderstorms,"A chance of showers and thunderstorms. Partly cloudy, with a low around 75. South southeast wind 0 to 10 mph. Chance of precipitation is 50%."
22,2026-05-30T01:13:30Z,KAUS,Tuesday,2026-06-02T06:00:00-05:00,1,91.0,Chance Showers And Thunderstorms,"A slight chance of rain showers before 7am, then a chance of showers and thunderstorms. Mostly sunny, with a high near 91. East southeast wind 0 to 10 mph. Chance of precipitation is 50%."
23,2026-05-30T01:13:30Z,KAUS,Tuesday Night,2026-06-02T18:00:00-05:00,0,74.0,Chance Showers And Thunderstorms,"A chance of showers and thunderstorms before 1am, then a chance of showers and thunderstorms. Partly cloudy, with a low around 74. East southeast wind 0 to 10 mph. Chance of precipitation is 50%."
24,2026-05-30T01:13:30Z,KAUS,Wednesday,2026-06-03T06:00:00-05:00,1,88.0,Chance Showers And Thunderstorms,"A chance of showers and thunderstorms before 7am, then a chance of showers and thunderstorms. Partly sunny, with a high near 88. Chance of precipitation is 50%."
25,2026-05-30T01:13:30Z,KAUS,Wednesday Night,2026-06-03T18:00:00-05:00,0,73.0,Chance Showers And Thunderstorms,"A chance of showers and thunderstorms. Mostly cloudy, with a low around 73. Chance of precipitation is 50%."
26,2026-05-30T01:13:30Z,KAUS,Thursday,2026-06-04T06:00:00-05:00,1,88.0,Chance Showers And Thunderstorms,"A chance of showers and thunderstorms. Partly sunny, with a high near 88. Chance of precipitation is 40%."
27,2026-05-30T01:13:30Z,KAUS,Thursday Night,2026-06-04T18:00:00-05:00,0,74.0,Chance Showers And Thunderstorms,"A chance of showers and thunderstorms. Mostly cloudy, with a low around 74. Chance of precipitation is 40%."
28,2026-05-30T01:13:30Z,KAUS,Friday,2026-06-05T06:00:00-05:00,1,89.0,Chance Showers And Thunderstorms,"A chance of showers and thunderstorms. Partly sunny, with a high near 89."
29,2026-05-30T01:13:30Z,KBOS,Tonight,2026-05-29T18:00:00-04:00,0,46.0,Light Rain,"A chance of rain showers before 8pm, then rain. Mostly cloudy, with a low around 46. Southwest wind 7 to 10 mph, with gusts as high as 24 mph. Chance of precipitation is 90%. New rainfall amounts between a tenth and quarter of an inch possible."
30,2026-05-30T01:13:30Z,KBOS,Saturday,2026-05-30T06:00:00-04:00,1,54.0,Light Rain Likely,"Rain likely. Mostly cloudy, with a high near 54. North wind 13 to 26 mph, with gusts as high as 47 mph. Chance of precipitation is 70%. New rainfall amounts between a quarter and half of an inch possible."
31,2026-05-30T01:13:30Z,KBOS,Saturday Night,2026-05-30T18:00:00-04:00,0,45.0,Slight Chance Light Rain then Partly Cloudy,"A slight chance of rain before 7pm. Partly cloudy, with a low around 45. North wind 5 to 15 mph, with gusts as high as 32 mph. Chance of precipitation is 20%."
32,2026-05-30T01:13:30Z,KBOS,Sunday,2026-05-31T06:00:00-04:00,1,71.0,Mostly Sunny,"Mostly sunny, with a high near 71. Northwest wind around 7 mph."
33,2026-05-30T01:13:30Z,KBOS,Sunday Night,2026-05-31T18:00:00-04:00,0,52.0,Chance Rain Showers,"A chance of rain showers after 8pm. Mostly cloudy, with a low around 52. Southwest wind around 6 mph. Chance of precipitation is 40%."
34,2026-05-30T01:13:30Z,KBOS,Monday,2026-06-01T06:00:00-04:00,1,64.0,Rain Showers Likely then Chance Showers And Thunderstorms,"Rain showers likely before 2pm, then a chance of showers and thunderstorms. Partly sunny, with a high near 64. North wind 3 to 12 mph. Chance of precipitation is 60%."
35,2026-05-30T01:13:30Z,KBOS,Monday Night,2026-06-01T18:00:00-04:00,0,49.0,Chance Showers And Thunderstorms then Mostly Cloudy,"A chance of showers and thunderstorms before 11pm. Mostly cloudy, with a low around 49. Northeast wind 3 to 8 mph. Chance of precipitation is 30%."
36,2026-05-30T01:13:30Z,KBOS,Tuesday,2026-06-02T06:00:00-04:00,1,66.0,Chance Rain Showers,"A chance of rain showers. Partly sunny, with a high near 66. Northeast wind 3 to 10 mph. Chance of precipitation is 40%."
37,2026-05-30T01:13:30Z,KBOS,Tuesday Night,2026-06-02T18:00:00-04:00,0,51.0,Chance Rain Showers,"A chance of rain showers. Mostly cloudy, with a low around 51. Northeast wind 6 to 9 mph. Chance of precipitation is 40%."
38,2026-05-30T01:13:30Z,KBOS,Wednesday,2026-06-03T06:00:00-04:00,1,67.0,Chance Rain Showers,"A chance of rain showers. Partly sunny, with a high near 67. Northeast wind around 12 mph. Chance of precipitation is 30%."
39,2026-05-30T01:13:30Z,KBOS,Wednesday Night,2026-06-03T18:00:00-04:00,0,53.0,Slight Chance Rain Showers,"A slight chance of rain showers. Partly cloudy, with a low around 53. North wind 5 to 8 mph."
40,2026-05-30T01:13:30Z,KBOS,Thursday,2026-06-04T06:00:00-04:00,1,77.0,Mostly Sunny,"Mostly sunny, with a high near 77. Northwest wind around 8 mph."
41,2026-05-30T01:13:30Z,KBOS,Thursday Night,2026-06-04T18:00:00-04:00,0,59.0,Partly Cloudy,"Partly cloudy, with a low around 59. Southwest wind around 8 mph."
42,2026-05-30T01:13:30Z,KBOS,Friday,2026-06-05T06:00:00-04:00,1,84.0,Mostly Sunny,"Mostly sunny, with a high near 84. Southwest wind 7 to 10 mph."
43,2026-05-30T01:13:30Z,KMDW,Tonight,2026-05-29T19:00:00-05:00,0,59.0,Mostly Cloudy,"Mostly cloudy, with a low around 59. East northeast wind 5 to 10 mph."
44,2026-05-30T01:13:30Z,KMDW,Saturday,2026-05-30T06:00:00-05:00,1,71.0,Partly Sunny,"Partly sunny, with a high near 71. East northeast wind 10 to 15 mph, with gusts as high as 25 mph."
45,2026-05-30T01:13:30Z,KMDW,Saturday Night,2026-05-30T18:00:00-05:00,0,56.0,Mostly Cloudy,"Mostly cloudy, with a low around 56. East wind 5 to 15 mph, with gusts as high as 25 mph."
46,2026-05-30T01:13:30Z,KMDW,Sunday,2026-05-31T06:00:00-05:00,1,74.0,Partly Sunny,"Partly sunny, with a high near 74. East wind 5 to 10 mph."
47,2026-05-30T01:13:30Z,KMDW,Sunday Night,2026-05-31T18:00:00-05:00,0,58.0,Mostly Cloudy,"Mostly cloudy, with a low around 58. Northeast wind 0 to 5 mph, with gusts as high as 10 mph."
48,2026-05-30T01:13:30Z,KMDW,Monday,2026-06-01T06:00:00-05:00,1,78.0,Partly Sunny,"Partly sunny, with a high near 78."
49,2026-05-30T01:13:30Z,KMDW,Monday Night,2026-06-01T18:00:00-05:00,0,58.0,Partly Cloudy,"Partly cloudy, with a low around 58."
50,2026-05-30T01:13:30Z,KMDW,Tuesday,2026-06-02T06:00:00-05:00,1,77.0,Sunny,"Sunny, with a high near 77."
51,2026-05-30T01:13:30Z,KMDW,Tuesday Night,2026-06-02T18:00:00-05:00,0,58.0,Mostly Clear,"Mostly clear, with a low around 58."
52,2026-05-30T01:13:30Z,KMDW,Wednesday,2026-06-03T06:00:00-05:00,1,83.0,Sunny,"Sunny, with a high near 83."
53,2026-05-30T01:13:30Z,KMDW,Wednesday Night,2026-06-03T18:00:00-05:00,0,64.0,Mostly Clear,"Mostly clear, with a low around 64."
54,2026-05-30T01:13:30Z,KMDW,Thursday,2026-06-04T06:00:00-05:00,1,88.0,Mostly Sunny,"Mostly sunny, with a high near 88."
55,2026-05-30T01:13:30Z,KMDW,Thursday Night,2026-06-04T18:00:00-05:00,0,69.0,Mostly Cloudy then Slight Chance Rain Showers,"A slight chance of rain showers after 1am. Mostly cloudy, with a low around 69."
56,2026-05-30T01:13:30Z,KMDW,Friday,2026-06-05T06:00:00-05:00,1,85.0,Slight Chance Rain Showers then Chance Showers And Thunderstorms,"A slight chance of rain showers before 1pm, then a chance of showers and thunderstorms. Partly sunny, with a high near 85."
57,2026-05-30T01:13:30Z,KDFW,Tonight,2026-05-29T18:00:00-05:00,0,77.0,Mostly Cloudy,"Mostly cloudy, with a low around 77. Heat index values as high as 97. South wind around 5 mph."
58,2026-05-30T01:13:30Z,KDFW,Saturday,2026-05-30T06:00:00-05:00,1,93.0,Partly Sunny,"Partly sunny. High near 93, with temperatures falling to around 91 in the afternoon. South wind 5 to 15 mph, with gusts as high as 25 mph."
59,2026-05-30T01:13:30Z,KDFW,Saturday Night,2026-05-30T18:00:00-05:00,0,77.0,Mostly Cloudy,"Mostly cloudy, with a low around 77. South wind around 10 mph, with gusts as high as 20 mph."
60,2026-05-30T01:13:30Z,KDFW,Sunday,2026-05-31T06:00:00-05:00,1,95.0,Sunny,"Sunny, with a high near 95. Heat index values as high as 98. South wind around 10 mph."
61,2026-05-30T01:13:30Z,KDFW,Sunday Night,2026-05-31T18:00:00-05:00,0,78.0,Mostly Clear,"Mostly clear, with a low around 78. South wind around 10 mph."
62,2026-05-30T01:13:30Z,KDFW,Monday,2026-06-01T06:00:00-05:00,1,95.0,Sunny,"Sunny. High near 95, with temperatures falling to around 93 in the afternoon. South southeast wind around 5 mph."
63,2026-05-30T01:13:30Z,KDFW,Monday Night,2026-06-01T18:00:00-05:00,0,77.0,Mostly Clear,"Mostly clear, with a low around 77. South southeast wind 5 to 10 mph."
64,2026-05-30T01:13:30Z,KDFW,Tuesday,2026-06-02T06:00:00-05:00,1,94.0,Mostly Sunny then Chance Showers And Thunderstorms,"A chance of showers and thunderstorms after 1pm. Mostly sunny, with a high near 94. East southeast wind 0 to 10 mph. Chance of precipitation is 30%."
65,2026-05-30T01:13:30Z,KDFW,Tuesday Night,2026-06-02T18:00:00-05:00,0,74.0,Chance Showers And Thunderstorms,"A chance of showers and thunderstorms. Partly cloudy, with a low around 74. East southeast wind 5 to 10 mph. Chance of precipitation is 50%."
66,2026-05-30T01:13:30Z,KDFW,Wednesday,2026-06-03T06:00:00-05:00,1,89.0,Chance Showers And Thunderstorms,"A chance of showers and thunderstorms. Partly sunny, with a high near 89. Chance of precipitation is 30%."
67,2026-05-30T01:13:30Z,KDFW,Wednesday Night,2026-06-03T18:00:00-05:00,0,73.0,Chance Showers And Thunderstorms,"A chance of showers and thunderstorms. Mostly cloudy, with a low around 73. Chance of precipitation is 40%."
68,2026-05-30T01:13:30Z,KDFW,Thursday,2026-06-04T06:00:00-05:00,1,89.0,Chance Showers And Thunderstorms,"A chance of showers and thunderstorms. Mostly sunny, with a high near 89. Chance of precipitation is 40%."
69,2026-05-30T01:13:30Z,KDFW,Thursday Night,2026-06-04T18:00:00-05:00,0,74.0,Chance Showers And Thunderstorms,"A chance of showers and thunderstorms before 1am. Partly cloudy, with a low around 74. Chance of precipitation is 30%."
70,2026-05-30T01:13:30Z,KDFW,Friday,2026-06-05T06:00:00-05:00,1,90.0,Chance Showers And Thunderstorms,"A chance of showers and thunderstorms after 7am. Partly sunny, with a high near 90. Chance of precipitation is 30%."
71,2026-05-30T01:13:30Z,KDEN,Tonight,2026-05-29T18:00:00-06:00,0,50.0,Partly Cloudy,"Partly cloudy. Low around 50, with temperatures rising to around 55 overnight. East northeast wind 6 to 10 mph, with gusts as high as 17 mph."
72,2026-05-30T01:13:30Z,KDEN,Saturday,2026-05-30T06:00:00-06:00,1,76.0,Sunny then Slight Chance Showers And Thunderstorms,"A slight chance of showers and thunderstorms after noon. Sunny. High near 76, with temperatures falling to around 73 in the afternoon. West northwest wind 6 to 10 mph, with gusts as high as 17 mph. Chance of precipitation is 20%. New rainfall amounts less than a tenth of an inch possible."
73,2026-05-30T01:13:30Z,KDEN,Saturday Night,2026-05-30T18:00:00-06:00,0,48.0,Mostly Clear,"Mostly clear. Low around 48, with temperatures rising to around 53 overnight. West wind 6 to 10 mph, with gusts as high as 17 mph."
74,2026-05-30T01:13:30Z,KDEN,Sunday,2026-05-31T06:00:00-06:00,1,80.0,Sunny,"Sunny, with a high near 80. West wind around 8 mph, with gusts as high as 16 mph."
75,2026-05-30T01:13:30Z,KDEN,Sunday Night,2026-05-31T18:00:00-06:00,0,50.0,Partly Cloudy,"Partly cloudy, with a low around 50. West southwest wind 3 to 8 mph."
76,2026-05-30T01:13:30Z,KDEN,Monday,2026-06-01T06:00:00-06:00,1,81.0,Mostly Sunny then Chance Showers And Thunderstorms,"A chance of showers and thunderstorms after noon. Mostly sunny, with a high near 81. Chance of precipitation is 40%."
77,2026-05-30T01:13:30Z,KDEN,Monday Night,2026-06-01T18:00:00-06:00,0,53.0,Chance Showers And Thunderstorms then Partly Cloudy,"A chance of showers and thunderstorms before midnight. Partly cloudy, with a low around 53."
78,2026-05-30T01:13:30Z,KDEN,Tuesday,2026-06-02T06:00:00-06:00,1,83.0,Partly Sunny then Chance Showers And Thunderstorms,"A chance of showers and thunderstorms after noon. Partly sunny, with a high near 83."
79,2026-05-30T01:13:30Z,KDEN,Tuesday Night,2026-06-02T18:00:00-06:00,0,55.0,Chance Showers And Thunderstorms then Partly Cloudy,"A chance of showers and thunderstorms before midnight. Partly cloudy, with a low around 55."
80,2026-05-30T01:13:30Z,KDEN,Wednesday,2026-06-03T06:00:00-06:00,1,84.0,Mostly Sunny then Slight Chance Showers And Thunderstorms,"A slight chance of showers and thunderstorms after noon. Mostly sunny, with a high near 84."
81,2026-05-30T01:13:30Z,KDEN,Wednesday Night,2026-06-03T18:00:00-06:00,0,56.0,Slight Chance Showers And Thunderstorms then Mostly Cloudy,"A slight chance of showers and thunderstorms before midnight. Mostly cloudy, with a low around 56."
82,2026-05-30T01:13:30Z,KDEN,Thursday,2026-06-04T06:00:00-06:00,1,87.0,Mostly Sunny,"Mostly sunny, with a high near 87."
83,2026-05-30T01:13:30Z,KDEN,Thursday Night,2026-06-04T18:00:00-06:00,0,57.0,Partly Cloudy,"Partly cloudy, with a low around 57."
84,2026-05-30T01:13:30Z,KDEN,Friday,2026-06-05T06:00:00-06:00,1,89.0,Mostly Sunny,"Mostly sunny, with a high near 89."
85,2026-05-30T01:13:30Z,KIAH,Tonight,2026-05-29T20:00:00-05:00,0,74.0,Partly Cloudy,"Partly cloudy, with a low around 74. South wind around 5 mph."
86,2026-05-30T01:13:30Z,KIAH,Saturday,2026-05-30T06:00:00-05:00,1,92.0,Mostly Sunny,"Mostly sunny, with a high near 92. South wind around 5 mph."
87,2026-05-30T01:13:30Z,KIAH,Saturday Night,2026-05-30T18:00:00-05:00,0,76.0,Mostly Cloudy,"Mostly cloudy, with a low around 76. Southeast wind 0 to 10 mph."
88,2026-05-30T01:13:30Z,KIAH,Sunday,2026-05-31T06:00:00-05:00,1,91.0,Partly Sunny,"Partly sunny, with a high near 91. Southeast wind 0 to 10 mph."
89,2026-05-30T01:13:30Z,KIAH,Sunday Night,2026-05-31T18:00:00-05:00,0,77.0,Partly Cloudy,"Partly cloudy, with a low around 77. Southeast wind 0 to 10 mph."
90,2026-05-30T01:13:30Z,KIAH,Monday,2026-06-01T06:00:00-05:00,1,91.0,Mostly Sunny then Chance Showers And Thunderstorms,"A chance of showers and thunderstorms after 1pm. Mostly sunny, with a high near 91. Chance of precipitation is 50%."
91,2026-05-30T01:13:30Z,KIAH,Monday Night,2026-06-01T18:00:00-05:00,0,76.0,Chance Showers And Thunderstorms,"A chance of showers and thunderstorms. Partly cloudy, with a low around 76. Chance of precipitation is 50%."
92,2026-05-30T01:13:30Z,KIAH,Tuesday,2026-06-02T06:00:00-05:00,1,89.0,Chance Showers And Thunderstorms,"A chance of showers and thunderstorms before 1pm, then showers and thunderstorms likely. Mostly sunny, with a high near 89. Chance of precipitation is 60%."
93,2026-05-30T01:13:30Z,KIAH,Tuesday Night,2026-06-02T18:00:00-05:00,0,75.0,Showers And Thunderstorms Likely then Chance Showers And Thunderstorms,"Showers and thunderstorms likely before 7pm, then a chance of showers and thunderstorms. Partly cloudy, with a low around 75. Chance of precipitation is 60%."
94,2026-05-30T01:13:30Z,KIAH,Wednesday,2026-06-03T06:00:00-05:00,1,89.0,Chance Showers And Thunderstorms,"A chance of showers and thunderstorms. Partly sunny, with a high near 89. Chance of precipitation is 50%."
95,2026-05-30T01:13:30Z,KIAH,Wednesday Night,2026-06-03T18:00:00-05:00,0,74.0,Chance Showers And Thunderstorms,"A chance of showers and thunderstorms. Mostly cloudy, with a low around 74. Chance of precipitation is 50%."
96,2026-05-30T01:13:30Z,KIAH,Thursday,2026-06-04T06:00:00-05:00,1,88.0,Chance Showers And Thunderstorms,"A chance of showers and thunderstorms. Partly sunny, with a high near 88. Chance of precipitation is 50%."
97,2026-05-30T01:13:30Z,KIAH,Thursday Night,2026-06-04T18:00:00-05:00,0,75.0,Chance Showers And Thunderstorms,"A chance of showers and thunderstorms. Partly cloudy, with a low around 75. Chance of precipitation is 50%."
98,2026-05-30T01:13:30Z,KIAH,Friday,2026-06-05T06:00:00-05:00,1,88.0,Chance Showers And Thunderstorms,"A chance of showers and thunderstorms. Partly sunny, with a high near 88."
99,2026-05-30T01:13:30Z,KLAS,Tonight,2026-05-29T18:00:00-07:00,0,63.0,Clear,"Clear. Low around 63, with temperatures rising to around 65 overnight. Southwest wind around 8 mph."
100,2026-05-30T01:13:30Z,KLAS,Saturday,2026-05-30T06:00:00-07:00,1,90.0,Sunny,"Sunny, with a high near 90. Southwest wind 2 to 7 mph."
101,2026-05-30T01:13:30Z,KLAS,Saturday Night,2026-05-30T18:00:00-07:00,0,68.0,Clear,"Clear. Low around 68, with temperatures rising to around 70 overnight. West southwest wind 5 to 8 mph."
102,2026-05-30T01:13:30Z,KLAS,Sunday,2026-05-31T06:00:00-07:00,1,94.0,Sunny,"Sunny, with a high near 94. Northeast wind around 5 mph."
103,2026-05-30T01:13:30Z,KLAS,Sunday Night,2026-05-31T18:00:00-07:00,0,72.0,Clear,"Clear, with a low around 72. Southwest wind around 5 mph."
104,2026-05-30T01:13:30Z,KLAS,Monday,2026-06-01T06:00:00-07:00,1,99.0,Sunny,"Sunny, with a high near 99."
105,2026-05-30T01:13:30Z,KLAS,Monday Night,2026-06-01T18:00:00-07:00,0,74.0,Clear,"Clear, with a low around 74."
106,2026-05-30T01:13:30Z,KLAS,Tuesday,2026-06-02T06:00:00-07:00,1,101.0,Sunny,"Sunny, with a high near 101."
107,2026-05-30T01:13:30Z,KLAS,Tuesday Night,2026-06-02T18:00:00-07:00,0,75.0,Mostly Clear,"Mostly clear, with a low around 75."
108,2026-05-30T01:13:30Z,KLAS,Wednesday,2026-06-03T06:00:00-07:00,1,104.0,Sunny,"Sunny, with a high near 104."
109,2026-05-30T01:13:30Z,KLAS,Wednesday Night,2026-06-03T18:00:00-07:00,0,75.0,Clear,"Clear, with a low around 75."
110,2026-05-30T01:13:30Z,KLAS,Thursday,2026-06-04T06:00:00-07:00,1,104.0,Sunny,"Sunny, with a high near 104."
111,2026-05-30T01:13:30Z,KLAS,Thursday Night,2026-06-04T18:00:00-07:00,0,76.0,Clear,"Clear, with a low around 76."
112,2026-05-30T01:13:30Z,KLAS,Friday,2026-06-05T06:00:00-07:00,1,102.0,Sunny,"Sunny, with a high near 102."
113,2026-05-30T01:13:30Z,KLAX,Tonight,2026-05-29T18:00:00-07:00,0,60.0,Patchy Fog,"Patchy fog after 11pm. Mostly cloudy, with a low around 60. South wind 5 to 15 mph, with gusts as high as 25 mph."
114,2026-05-30T01:13:30Z,KLAX,Saturday,2026-05-30T06:00:00-07:00,1,69.0,Patchy Fog then Mostly Sunny,"Patchy fog before 11am. Mostly sunny, with a high near 69. South southwest wind 5 to 15 mph."
115,2026-05-30T01:13:30Z,KLAX,Saturday Night,2026-05-30T18:00:00-07:00,0,62.0,Patchy Fog,"Patchy fog after 11pm. Mostly cloudy, with a low around 62. South wind 5 to 15 mph."
116,2026-05-30T01:13:30Z,KLAX,Sunday,2026-05-31T06:00:00-07:00,1,72.0,Patchy Fog then Mostly Sunny,"Patchy fog before 11am. Mostly sunny, with a high near 72. South southwest wind 0 to 10 mph."
117,2026-05-30T01:13:30Z,KLAX,Sunday Night,2026-05-31T18:00:00-07:00,0,63.0,Mostly Cloudy then Patchy Fog,"Patchy fog after 5am. Mostly cloudy, with a low around 63. South wind 0 to 10 mph."
118,2026-05-30T01:13:30Z,KLAX,Monday,2026-06-01T06:00:00-07:00,1,73.0,Patchy Fog then Mostly Sunny,"Patchy fog before 11am. Mostly sunny, with a high near 73."
119,2026-05-30T01:13:30Z,KLAX,Monday Night,2026-06-01T18:00:00-07:00,0,59.0,Partly Cloudy,"Partly cloudy, with a low around 59."
120,2026-05-30T01:13:30Z,KLAX,Tuesday,2026-06-02T06:00:00-07:00,1,71.0,Mostly Sunny,"Mostly sunny, with a high near 71."
121,2026-05-30T01:13:30Z,KLAX,Tuesday Night,2026-06-02T18:00:00-07:00,0,59.0,Partly Cloudy,"Partly cloudy, with a low around 59."
122,2026-05-30T01:13:30Z,KLAX,Wednesday,2026-06-03T06:00:00-07:00,1,70.0,Mostly Sunny,"Mostly sunny, with a high near 70."
123,2026-05-30T01:13:30Z,KLAX,Wednesday Night,2026-06-03T18:00:00-07:00,0,59.0,Partly Cloudy,"Partly cloudy, with a low around 59."
124,2026-05-30T01:13:30Z,KLAX,Thursday,2026-06-04T06:00:00-07:00,1,71.0,Mostly Sunny,"Mostly sunny, with a high near 71."
125,2026-05-30T01:13:30Z,KLAX,Thursday Night,2026-06-04T18:00:00-07:00,0,59.0,Partly Cloudy,"Partly cloudy, with a low around 59."
126,2026-05-30T01:13:30Z,KLAX,Friday,2026-06-05T06:00:00-07:00,1,70.0,Mostly Sunny,"Mostly sunny, with a high near 70."
127,2026-05-30T01:13:30Z,KMIA,Tonight,2026-05-29T21:00:00-04:00,0,76.0,Chance Showers And Thunderstorms,"A chance of showers and thunderstorms before 1am. Mostly cloudy, with a low around 76. Southwest wind around 5 mph. Chance of precipitation is 30%. New rainfall amounts less than a tenth of an inch possible."
128,2026-05-30T01:13:30Z,KMIA,Saturday,2026-05-30T06:00:00-04:00,1,89.0,Mostly Cloudy then Chance Showers And Thunderstorms,"A chance of showers and thunderstorms after 2pm. Mostly cloudy, with a high near 89. West wind 0 to 6 mph. Chance of precipitation is 40%. New rainfall amounts less than a tenth of an inch possible."
129,2026-05-30T01:13:30Z,KMIA,Saturday Night,2026-05-30T18:00:00-04:00,0,77.0,Slight Chance Showers And Thunderstorms then Mostly Cloudy,"A slight chance of showers and thunderstorms between 7pm and 8pm. Mostly cloudy, with a low around 77. Southwest wind around 6 mph. Chance of precipitation is 20%. New rainfall amounts less than a tenth of an inch possible."
130,2026-05-30T01:13:30Z,KMIA,Sunday,2026-05-31T06:00:00-04:00,1,91.0,Mostly Sunny then Showers And Thunderstorms Likely,"Showers and thunderstorms likely after 2pm. Mostly sunny, with a high near 91. South wind 0 to 7 mph. Chance of precipitation is 70%."
131,2026-05-30T01:13:30Z,KMIA,Sunday Night,2026-05-31T18:00:00-04:00,0,77.0,Showers And Thunderstorms Likely,"Showers and thunderstorms likely before 2am. Mostly cloudy, with a low around 77. Southwest wind 3 to 7 mph. Chance of precipitation is 70%."
132,2026-05-30T01:13:30Z,KMIA,Monday,2026-06-01T06:00:00-04:00,1,91.0,Partly Sunny then Showers And Thunderstorms Likely,"Showers and thunderstorms likely after 2pm. Partly sunny, with a high near 91. West wind 0 to 7 mph. Chance of precipitation is 60%."
133,2026-05-30T01:13:30Z,KMIA,Monday Night,2026-06-01T18:00:00-04:00,0,77.0,Showers And Thunderstorms Likely,"Showers and thunderstorms likely before 2am. Mostly cloudy, with a low around 77. West wind around 8 mph. Chance of precipitation is 60%."
134,2026-05-30T01:13:30Z,KMIA,Tuesday,2026-06-02T06:00:00-04:00,1,91.0,Mostly Cloudy then Showers And Thunderstorms Likely,"Showers and thunderstorms likely after 2pm. Mostly cloudy, with a high near 91. West wind around 7 mph. Chance of precipitation is 60%."
135,2026-05-30T01:13:30Z,KMIA,Tuesday Night,2026-06-02T18:00:00-04:00,0,77.0,Showers And Thunderstorms Likely,"Showers and thunderstorms likely before 2am. Mostly cloudy, with a low around 77. Northwest wind around 7 mph. Chance of precipitation is 60%."
136,2026-05-30T01:13:30Z,KMIA,Wednesday,2026-06-03T06:00:00-04:00,1,89.0,Showers And Thunderstorms Likely,"Showers and thunderstorms likely after 8am. Mostly cloudy, with a high near 89. Chance of precipitation is 70%."
137,2026-05-30T01:13:30Z,KMIA,Wednesday Night,2026-06-03T18:00:00-04:00,0,76.0,Showers And Thunderstorms Likely then Chance Showers And Thunderstorms,"Showers and thunderstorms likely before 8pm, then a chance of showers and thunderstorms. Mostly cloudy, with a low around 76. Chance of precipitation is 70%."
138,2026-05-30T01:13:30Z,KMIA,Thursday,2026-06-04T06:00:00-04:00,1,87.0,Chance Showers And Thunderstorms,"A chance of rain showers before 8am, then a chance of showers and thunderstorms between 8am and 2pm, then showers and thunderstorms likely. Partly sunny, with a high near 87. Chance of precipitation is 60%."
139,2026-05-30T01:13:30Z,KMIA,Thursday Night,2026-06-04T18:00:00-04:00,0,76.0,Showers And Thunderstorms Likely,"Showers and thunderstorms likely before 2am, then a slight chance of showers and thunderstorms. Mostly cloudy, with a low around 76. Chance of precipitation is 60%."
140,2026-05-30T01:13:30Z,KMIA,Friday,2026-06-05T06:00:00-04:00,1,87.0,Chance Showers And Thunderstorms,"A chance of showers and thunderstorms. Partly sunny, with a high near 87."
141,2026-05-30T01:13:30Z,KMSP,Tonight,2026-05-29T19:00:00-05:00,0,64.0,Mostly Cloudy,"Mostly cloudy, with a low around 64. Southeast wind around 5 mph."
142,2026-05-30T01:13:30Z,KMSP,Saturday,2026-05-30T06:00:00-05:00,1,83.0,Mostly Cloudy,"Mostly cloudy, with a high near 83. East southeast wind 5 to 15 mph, with gusts as high as 30 mph."
143,2026-05-30T01:13:30Z,KMSP,Saturday Night,2026-05-30T18:00:00-05:00,0,59.0,Mostly Cloudy,"Mostly cloudy, with a low around 59. East southeast wind around 15 mph, with gusts as high as 30 mph."
144,2026-05-30T01:13:30Z,KMSP,Sunday,2026-05-31T06:00:00-05:00,1,80.0,Mostly Sunny,"Mostly sunny, with a high near 80. Southeast wind 10 to 15 mph."
145,2026-05-30T01:13:30Z,KMSP,Sunday Night,2026-05-31T18:00:00-05:00,0,59.0,Mostly Cloudy then Slight Chance Rain Showers,"A slight chance of rain showers after 1am. Mostly cloudy, with a low around 59. Southeast wind 5 to 15 mph. Chance of precipitation is 20%."
146,2026-05-30T01:13:30Z,KMSP,Monday,2026-06-01T06:00:00-05:00,1,84.0,Slight Chance Rain Showers then Mostly Sunny,"A slight chance of rain showers before 7am. Mostly sunny, with a high near 84. East southeast wind 5 to 10 mph. Chance of precipitation is 20%."
147,2026-05-30T01:13:30Z,KMSP,Monday Night,2026-06-01T18:00:00-05:00,0,62.0,Partly Cloudy,"Partly cloudy, with a low around 62. East southeast wind 5 to 10 mph."
148,2026-05-30T01:13:30Z,KMSP,Tuesday,2026-06-02T06:00:00-05:00,1,85.0,Sunny,"Sunny, with a high near 85. Southeast wind around 5 mph."
149,2026-05-30T01:13:30Z,KMSP,Tuesday Night,2026-06-02T18:00:00-05:00,0,63.0,Partly Cloudy,"Partly cloudy, with a low around 63. South southeast wind around 5 mph."
150,2026-05-30T01:13:30Z,KMSP,Wednesday,2026-06-03T06:00:00-05:00,1,86.0,Mostly Sunny then Chance Showers And Thunderstorms,"A chance of showers and thunderstorms after 1pm. Mostly sunny, with a high near 86. South wind 5 to 10 mph. Chance of precipitation is 30%."
151,2026-05-30T01:13:30Z,KMSP,Wednesday Night,2026-06-03T18:00:00-05:00,0,65.0,Chance Showers And Thunderstorms,"A chance of showers and thunderstorms. Partly cloudy, with a low around 65. South wind 5 to 10 mph. Chance of precipitation is 50%."
152,2026-05-30T01:13:30Z,KMSP,Thursday,2026-06-04T06:00:00-05:00,1,85.0,Chance Showers And Thunderstorms,"A chance of showers and thunderstorms before 7am, then a chance of showers and thunderstorms between 7am and 1pm, then a chance of showers and thunderstorms. Partly sunny, with a high near 85. South southwest wind 5 to 10 mph. Chance of precipitation is 50%."
153,2026-05-30T01:13:30Z,KMSP,Thursday Night,2026-06-04T18:00:00-05:00,0,63.0,Chance Showers And Thunderstorms,"A chance of showers and thunderstorms before 7pm, then a chance of showers and thunderstorms. Partly cloudy, with a low around 63. South wind 5 to 10 mph. Chance of precipitation is 50%."
154,2026-05-30T01:13:30Z,KMSP,Friday,2026-06-05T06:00:00-05:00,1,83.0,Chance Showers And Thunderstorms,"A chance of showers and thunderstorms. Mostly sunny, with a high near 83. South southwest wind 5 to 10 mph. Chance of precipitation is 40%."
155,2026-05-30T01:13:30Z,KMSY,Tonight,2026-05-29T18:00:00-05:00,0,74.0,Chance Showers And Thunderstorms then Partly Cloudy,"A chance of showers and thunderstorms before 8pm. Partly cloudy, with a low around 74. Southwest wind 5 to 10 mph. Chance of precipitation is 40%. New rainfall amounts less than a tenth of an inch possible."
156,2026-05-30T01:13:30Z,KMSY,Saturday,2026-05-30T06:00:00-05:00,1,89.0,Mostly Sunny,"Mostly sunny, with a high near 89. West wind around 5 mph."
157,2026-05-30T01:13:30Z,KMSY,Saturday Night,2026-05-30T18:00:00-05:00,0,75.0,Partly Cloudy,"Partly cloudy, with a low around 75. Southwest wind around 5 mph."
158,2026-05-30T01:13:30Z,KMSY,Sunday,2026-05-31T06:00:00-05:00,1,89.0,Partly Sunny then Chance Showers And Thunderstorms,"A chance of showers and thunderstorms after 1pm. Partly sunny, with a high near 89. West wind 0 to 5 mph. Chance of precipitation is 30%."
159,2026-05-30T01:13:30Z,KMSY,Sunday Night,2026-05-31T18:00:00-05:00,0,76.0,Chance Showers And Thunderstorms,"A chance of showers and thunderstorms before 1am. Partly cloudy, with a low around 76. Southwest wind 0 to 5 mph. Chance of precipitation is 30%."
160,2026-05-30T01:13:30Z,KMSY,Monday,2026-06-01T06:00:00-05:00,1,88.0,Partly Sunny then Chance Showers And Thunderstorms,"A chance of showers and thunderstorms after 1pm. Partly sunny, with a high near 88. West wind 0 to 5 mph. Chance of precipitation is 40%."
161,2026-05-30T01:13:30Z,KMSY,Monday Night,2026-06-01T18:00:00-05:00,0,76.0,Chance Showers And Thunderstorms then Mostly Cloudy,"A chance of showers and thunderstorms before 7pm. Mostly cloudy, with a low around 76. Southwest wind around 5 mph. Chance of precipitation is 40%."
162,2026-05-30T01:13:30Z,KMSY,Tuesday,2026-06-02T06:00:00-05:00,1,87.0,Chance Showers And Thunderstorms,"A chance of showers and thunderstorms after 7am. Mostly sunny, with a high near 87. Northwest wind around 5 mph."
163,2026-05-30T01:13:30Z,KMSY,Tuesday Night,2026-06-02T18:00:00-05:00,0,76.0,Chance Showers And Thunderstorms,"A chance of showers and thunderstorms. Partly cloudy, with a low around 76. Northwest wind 0 to 5 mph."
164,2026-05-30T01:13:30Z,KMSY,Wednesday,2026-06-03T06:00:00-05:00,1,86.0,Chance Showers And Thunderstorms,"A chance of showers and thunderstorms. Mostly sunny, with a high near 86. East wind 5 to 10 mph."
165,2026-05-30T01:13:30Z,KMSY,Wednesday Night,2026-06-03T18:00:00-05:00,0,75.0,Chance Showers And Thunderstorms,"A chance of showers and thunderstorms before 1am, then a chance of showers and thunderstorms. Mostly cloudy, with a low around 75. Southeast wind 5 to 10 mph."
166,2026-05-30T01:13:30Z,KMSY,Thursday,2026-06-04T06:00:00-05:00,1,84.0,Chance Showers And Thunderstorms then Showers And Thunderstorms Likely,"A chance of showers and thunderstorms before 7am, then showers and thunderstorms likely. Mostly sunny, with a high near 84. East wind 5 to 15 mph."
167,2026-05-30T01:13:30Z,KMSY,Thursday Night,2026-06-04T18:00:00-05:00,0,74.0,Showers And Thunderstorms Likely,"Showers and thunderstorms likely. Partly cloudy, with a low around 74. Southeast wind 5 to 10 mph."
168,2026-05-30T01:13:30Z,KMSY,Friday,2026-06-05T06:00:00-05:00,1,85.0,Chance Showers And Thunderstorms,"A chance of rain showers before 7am, then a chance of showers and thunderstorms. Mostly sunny, with a high near 85. Southeast wind 10 to 15 mph."
169,2026-05-30T01:13:30Z,KNYC,Tonight,2026-05-29T18:00:00-04:00,0,56.0,Partly Cloudy,"Partly cloudy, with a low around 56. West wind 9 to 14 mph, with gusts as high as 28 mph."
170,2026-05-30T01:13:30Z,KNYC,Saturday,2026-05-30T06:00:00-04:00,1,66.0,Mostly Sunny,"Mostly sunny. High near 66, with temperatures falling to around 64 in the afternoon. North wind 12 to 15 mph, with gusts as high as 32 mph."
171,2026-05-30T01:13:30Z,KNYC,Saturday Night,2026-05-30T18:00:00-04:00,0,53.0,Clear,"Clear, with a low around 53. North wind 3 to 10 mph, with gusts as high as 23 mph."
172,2026-05-30T01:13:30Z,KNYC,Sunday,2026-05-31T06:00:00-04:00,1,77.0,Sunny,"Sunny, with a high near 77. Northwest wind around 7 mph."
173,2026-05-30T01:13:30Z,KNYC,Sunday Night,2026-05-31T18:00:00-04:00,0,61.0,Mostly Cloudy,"Mostly cloudy. Low around 61, with temperatures rising to around 63 overnight. West wind 3 to 7 mph."
174,2026-05-30T01:13:30Z,KNYC,Monday,2026-06-01T06:00:00-04:00,1,76.0,Mostly Sunny then Chance Showers And Thunderstorms,"A chance of showers and thunderstorms after 2pm. Mostly sunny. High near 76, with temperatures falling to around 74 in the afternoon. Chance of precipitation is 30%."
175,2026-05-30T01:13:30Z,KNYC,Monday Night,2026-06-01T18:00:00-04:00,0,57.0,Chance Showers And Thunderstorms,"A chance of showers and thunderstorms before 2am. Partly cloudy, with a low around 57. Chance of precipitation is 30%."
176,2026-05-30T01:13:30Z,KNYC,Tuesday,2026-06-02T06:00:00-04:00,1,74.0,Mostly Sunny then Chance Rain Showers,"A chance of rain showers after 2pm. Mostly sunny, with a high near 74. Chance of precipitation is 30%."
177,2026-05-30T01:13:30Z,KNYC,Tuesday Night,2026-06-02T18:00:00-04:00,0,58.0,Chance Rain Showers,"A chance of rain showers. Partly cloudy, with a low around 58. Chance of precipitation is 30%."
178,2026-05-30T01:13:30Z,KNYC,Wednesday,2026-06-03T06:00:00-04:00,1,75.0,Slight Chance Rain Showers,"A slight chance of rain showers before 2pm. Mostly sunny, with a high near 75."
179,2026-05-30T01:13:30Z,KNYC,Wednesday Night,2026-06-03T18:00:00-04:00,0,60.0,Partly Cloudy,"Partly cloudy, with a low around 60."
180,2026-05-30T01:13:30Z,KNYC,Thursday,2026-06-04T06:00:00-04:00,1,83.0,Sunny,"Sunny, with a high near 83."
181,2026-05-30T01:13:30Z,KNYC,Thursday Night,2026-06-04T18:00:00-04:00,0,66.0,Mostly Clear,"Mostly clear, with a low around 66."
182,2026-05-30T01:13:30Z,KNYC,Friday,2026-06-05T06:00:00-04:00,1,88.0,Mostly Sunny,"Mostly sunny, with a high near 88."
183,2026-05-30T01:13:30Z,KOKC,Tonight,2026-05-29T18:00:00-05:00,0,71.0,Chance Showers And Thunderstorms,"A chance of showers and thunderstorms before 1am. Partly cloudy, with a low around 71. South southeast wind around 13 mph, with gusts as high as 20 mph. Chance of precipitation is 30%. New rainfall amounts less than a tenth of an inch possible."
184,2026-05-30T01:13:30Z,KOKC,Saturday,2026-05-30T06:00:00-05:00,1,93.0,Mostly Sunny,"Mostly sunny, with a high near 93. South wind 12 to 20 mph, with gusts as high as 30 mph."
185,2026-05-30T01:13:30Z,KOKC,Saturday Night,2026-05-30T18:00:00-05:00,0,71.0,Chance Showers And Thunderstorms,"A chance of showers and thunderstorms between 7pm and 10pm, then a chance of showers and thunderstorms between 10pm and 1am. Partly cloudy, with a low around 71. South wind 14 to 20 mph, with gusts as high as 30 mph. Chance of precipitation is 30%."
186,2026-05-30T01:13:30Z,KOKC,Sunday,2026-05-31T06:00:00-05:00,1,96.0,Sunny,"Sunny, with a high near 96. South southwest wind 14 to 18 mph, with gusts as high as 28 mph."
187,2026-05-30T01:13:30Z,KOKC,Sunday Night,2026-05-31T18:00:00-05:00,0,73.0,Mostly Clear,"Mostly clear, with a low around 73. South wind 13 to 17 mph, with gusts as high as 26 mph."
188,2026-05-30T01:13:30Z,KOKC,Monday,2026-06-01T06:00:00-05:00,1,96.0,Sunny,"Sunny, with a high near 96."
189,2026-05-30T01:13:30Z,KOKC,Monday Night,2026-06-01T18:00:00-05:00,0,71.0,Slight Chance Showers And Thunderstorms,"A slight chance of showers and thunderstorms between 7pm and 1am. Mostly clear, with a low around 71. Chance of precipitation is 20%."
190,2026-05-30T01:13:30Z,KOKC,Tuesday,2026-06-02T06:00:00-05:00,1,90.0,Mostly Sunny then Slight Chance Showers And Thunderstorms,"A slight chance of showers and thunderstorms after 1pm. Mostly sunny, with a high near 90. Chance of precipitation is 20%."
191,2026-05-30T01:13:30Z,KOKC,Tuesday Night,2026-06-02T18:00:00-05:00,0,68.0,Chance Showers And Thunderstorms,"A chance of showers and thunderstorms before 1am, then a chance of showers and thunderstorms. Partly cloudy, with a low around 68. Chance of precipitation is 40%."
192,2026-05-30T01:13:30Z,KOKC,Wednesday,2026-06-03T06:00:00-05:00,1,86.0,Chance Showers And Thunderstorms,"A chance of showers and thunderstorms before 7am, then a chance of showers and thunderstorms. Partly sunny, with a high near 86. Chance of precipitation is 40%."
193,2026-05-30T01:13:30Z,KOKC,Wednesday Night,2026-06-03T18:00:00-05:00,0,66.0,Chance Showers And Thunderstorms,"A chance of showers and thunderstorms before 1am, then a chance of showers and thunderstorms. Mostly cloudy, with a low around 66. Chance of precipitation is 40%."
194,2026-05-30T01:13:30Z,KOKC,Thursday,2026-06-04T06:00:00-05:00,1,85.0,Chance Showers And Thunderstorms,"A chance of showers and thunderstorms before 1pm, then a chance of showers and thunderstorms. Partly sunny, with a high near 85. Chance of precipitation is 40%."
195,2026-05-30T01:13:30Z,KOKC,Thursday Night,2026-06-04T18:00:00-05:00,0,68.0,Chance Showers And Thunderstorms,"A chance of showers and thunderstorms before 7pm, then a chance of showers and thunderstorms. Mostly cloudy, with a low around 68. Chance of precipitation is 40%."
196,2026-05-30T01:13:30Z,KOKC,Friday,2026-06-05T06:00:00-05:00,1,87.0,Chance Showers And Thunderstorms,"A chance of showers and thunderstorms before 7am, then a chance of showers and thunderstorms. Partly sunny, with a high near 87."
197,2026-05-30T01:13:30Z,KPHL,Tonight,2026-05-29T18:00:00-04:00,0,56.0,Mostly Clear,"Mostly clear, with a low around 56. West wind around 10 mph, with gusts as high as 25 mph."
198,2026-05-30T01:13:30Z,KPHL,Saturday,2026-05-30T06:00:00-04:00,1,70.0,Sunny,"Sunny, with a high near 70. North wind around 15 mph, with gusts as high as 30 mph."
199,2026-05-30T01:13:30Z,KPHL,Saturday Night,2026-05-30T18:00:00-04:00,0,50.0,Partly Cloudy,"Partly cloudy, with a low around 50. North wind 0 to 10 mph."
200,2026-05-30T01:13:30Z,KPHL,Sunday,2026-05-31T06:00:00-04:00,1,76.0,Sunny,"Sunny, with a high near 76. Northwest wind 0 to 10 mph."
201,2026-05-30T01:13:30Z,KPHL,Sunday Night,2026-05-31T18:00:00-04:00,0,56.0,Mostly Clear,"Mostly clear, with a low around 56. Southwest wind around 5 mph."
202,2026-05-30T01:13:30Z,KPHL,Monday,2026-06-01T06:00:00-04:00,1,77.0,Mostly Sunny then Slight Chance Showers And Thunderstorms,"A slight chance of showers and thunderstorms after 2pm. Mostly sunny, with a high near 77. Chance of precipitation is 20%."
203,2026-05-30T01:13:30Z,KPHL,Monday Night,2026-06-01T18:00:00-04:00,0,55.0,Slight Chance Showers And Thunderstorms then Mostly Clear,"A slight chance of showers and thunderstorms before 8pm. Mostly clear, with a low around 55."
204,2026-05-30T01:13:30Z,KPHL,Tuesday,2026-06-02T06:00:00-04:00,1,76.0,Slight Chance Rain Showers,"A slight chance of rain showers after 8am. Mostly sunny, with a high near 76."
205,2026-05-30T01:13:30Z,KPHL,Tuesday Night,2026-06-02T18:00:00-04:00,0,55.0,Slight Chance Rain Showers then Partly Cloudy,"A slight chance of rain showers before 8pm. Partly cloudy, with a low around 55."
206,2026-05-30T01:13:30Z,KPHL,Wednesday,2026-06-03T06:00:00-04:00,1,77.0,Slight Chance Rain Showers,"A slight chance of rain showers between 8am and 2pm. Mostly sunny, with a high near 77."
207,2026-05-30T01:13:30Z,KPHL,Wednesday Night,2026-06-03T18:00:00-04:00,0,56.0,Partly Cloudy,"Partly cloudy, with a low around 56."
208,2026-05-30T01:13:30Z,KPHL,Thursday,2026-06-04T06:00:00-04:00,1,83.0,Sunny,"Sunny, with a high near 83."
209,2026-05-30T01:13:30Z,KPHL,Thursday Night,2026-06-04T18:00:00-04:00,0,61.0,Mostly Clear,"Mostly clear, with a low around 61."
210,2026-05-30T01:13:30Z,KPHL,Friday,2026-06-05T06:00:00-04:00,1,88.0,Sunny,"Sunny, with a high near 88."
211,2026-05-30T01:13:30Z,KPHX,Tonight,2026-05-29T18:00:00-07:00,0,67.0,Clear,"Clear, with a low around 67. West northwest wind 5 to 15 mph."
212,2026-05-30T01:13:30Z,KPHX,Saturday,2026-05-30T06:00:00-07:00,1,93.0,Sunny,"Sunny, with a high near 93. South wind 0 to 10 mph."
213,2026-05-30T01:13:30Z,KPHX,Saturday Night,2026-05-30T18:00:00-07:00,0,71.0,Clear,"Clear, with a low around 71. West southwest wind 5 to 10 mph."
214,2026-05-30T01:13:30Z,KPHX,Sunday,2026-05-31T06:00:00-07:00,1,99.0,Sunny,"Sunny, with a high near 99. South southwest wind 0 to 5 mph."
215,2026-05-30T01:13:30Z,KPHX,Sunday Night,2026-05-31T18:00:00-07:00,0,75.0,Clear,"Clear, with a low around 75. Northwest wind 0 to 5 mph."
216,2026-05-30T01:13:30Z,KPHX,Monday,2026-06-01T06:00:00-07:00,1,103.0,Sunny,"Sunny, with a high near 103. Southwest wind 0 to 5 mph."
217,2026-05-30T01:13:30Z,KPHX,Monday Night,2026-06-01T18:00:00-07:00,0,77.0,Mostly Clear,"Mostly clear, with a low around 77. West southwest wind 0 to 5 mph."
218,2026-05-30T01:13:30Z,KPHX,Tuesday,2026-06-02T06:00:00-07:00,1,104.0,Sunny,"Sunny, with a high near 104. South southwest wind 0 to 5 mph."
219,2026-05-30T01:13:30Z,KPHX,Tuesday Night,2026-06-02T18:00:00-07:00,0,77.0,Mostly Clear,"Mostly clear, with a low around 77. Southwest wind 0 to 5 mph."
220,2026-05-30T01:13:30Z,KPHX,Wednesday,2026-06-03T06:00:00-07:00,1,105.0,Sunny,"Sunny, with a high near 105. South wind 0 to 5 mph."
221,2026-05-30T01:13:30Z,KPHX,Wednesday Night,2026-06-03T18:00:00-07:00,0,78.0,Mostly Clear,"Mostly clear, with a low around 78. South southwest wind 0 to 5 mph."
222,2026-05-30T01:13:30Z,KPHX,Thursday,2026-06-04T06:00:00-07:00,1,104.0,Sunny,"Sunny, with a high near 104. South wind 0 to 5 mph."
223,2026-05-30T01:13:30Z,KPHX,Thursday Night,2026-06-04T18:00:00-07:00,0,77.0,Mostly Clear,"Mostly clear, with a low around 77. Southwest wind 0 to 10 mph."
224,2026-05-30T01:13:30Z,KPHX,Friday,2026-06-05T06:00:00-07:00,1,102.0,Sunny,"Sunny, with a high near 102. South wind 0 to 5 mph."
225,2026-05-30T01:13:30Z,KSAT,Tonight,2026-05-29T19:00:00-05:00,0,72.0,Partly Cloudy,"Partly cloudy, with a low around 72. South southeast wind around 5 mph."
226,2026-05-30T01:13:30Z,KSAT,Saturday,2026-05-30T06:00:00-05:00,1,91.0,Partly Sunny,"Partly sunny, with a high near 91. South wind 5 to 10 mph."
227,2026-05-30T01:13:30Z,KSAT,Saturday Night,2026-05-30T18:00:00-05:00,0,73.0,Mostly Cloudy,"Mostly cloudy, with a low around 73. South southeast wind around 5 mph."
228,2026-05-30T01:13:30Z,KSAT,Sunday,2026-05-31T06:00:00-05:00,1,91.0,Partly Sunny,"Partly sunny, with a high near 91. South southeast wind 5 to 10 mph."
229,2026-05-30T01:13:30Z,KSAT,Sunday Night,2026-05-31T18:00:00-05:00,0,75.0,Mostly Cloudy,"Mostly cloudy, with a low around 75. Southeast wind 5 to 10 mph."
230,2026-05-30T01:13:30Z,KSAT,Monday,2026-06-01T06:00:00-05:00,1,91.0,Patchy Fog then Chance Showers And Thunderstorms,"Patchy fog between 7am and 8am, then a chance of showers and thunderstorms. Partly sunny, with a high near 91. Southeast wind around 5 mph. Chance of precipitation is 40%."
231,2026-05-30T01:13:30Z,KSAT,Monday Night,2026-06-01T18:00:00-05:00,0,74.0,Chance Showers And Thunderstorms,"A chance of showers and thunderstorms. Partly cloudy, with a low around 74. Southeast wind 5 to 10 mph. Chance of precipitation is 40%."
232,2026-05-30T01:13:30Z,KSAT,Tuesday,2026-06-02T06:00:00-05:00,1,90.0,Chance Showers And Thunderstorms,"A slight chance of rain showers before 7am, then a chance of showers and thunderstorms. Partly sunny, with a high near 90. East wind 0 to 10 mph. Chance of precipitation is 50%."
233,2026-05-30T01:13:30Z,KSAT,Tuesday Night,2026-06-02T18:00:00-05:00,0,73.0,Chance Showers And Thunderstorms,"A chance of showers and thunderstorms before 1am, then a chance of showers and thunderstorms. Partly cloudy, with a low around 73. East southeast wind 5 to 10 mph. Chance of precipitation is 50%."
234,2026-05-30T01:13:30Z,KSAT,Wednesday,2026-06-03T06:00:00-05:00,1,87.0,Chance Showers And Thunderstorms,"A chance of showers and thunderstorms before 1pm, then a chance of showers and thunderstorms. Partly sunny, with a high near 87. Chance of precipitation is 50%."
235,2026-05-30T01:13:30Z,KSAT,Wednesday Night,2026-06-03T18:00:00-05:00,0,72.0,Chance Showers And Thunderstorms,"A chance of showers and thunderstorms. Mostly cloudy, with a low around 72. Chance of precipitation is 50%."
236,2026-05-30T01:13:30Z,KSAT,Thursday,2026-06-04T06:00:00-05:00,1,87.0,Chance Showers And Thunderstorms,"A chance of showers and thunderstorms. Partly sunny, with a high near 87. Chance of precipitation is 40%."
237,2026-05-30T01:13:30Z,KSAT,Thursday Night,2026-06-04T18:00:00-05:00,0,73.0,Chance Showers And Thunderstorms,"A chance of showers and thunderstorms before 7pm, then a chance of showers and thunderstorms. Mostly cloudy, with a low around 73. Chance of precipitation is 40%."
238,2026-05-30T01:13:30Z,KSAT,Friday,2026-06-05T06:00:00-05:00,1,88.0,Chance Showers And Thunderstorms,"A chance of rain showers before 7am, then a chance of showers and thunderstorms. Partly sunny, with a high near 88."
239,2026-05-30T01:13:30Z,KSFO,This Afternoon,2026-05-29T16:00:00-07:00,1,62.0,Mostly Sunny,"Mostly sunny. High near 62, with temperatures falling to around 60 in the afternoon. West wind around 16 mph."
240,2026-05-30T01:13:30Z,KSFO,Tonight,2026-05-29T18:00:00-07:00,0,52.0,Mostly Cloudy,"Mostly cloudy, with a low around 52. West wind 8 to 16 mph."
241,2026-05-30T01:13:30Z,KSFO,Saturday,2026-05-30T06:00:00-07:00,1,65.0,Sunny,"Sunny. High near 65, with temperatures falling to around 62 in the afternoon. West wind 8 to 21 mph, with gusts as high as 25 mph."
242,2026-05-30T01:13:30Z,KSFO,Saturday Night,2026-05-30T18:00:00-07:00,0,51.0,Mostly Clear,"Mostly clear, with a low around 51. West wind 6 to 21 mph, with gusts as high as 25 mph."
243,2026-05-30T01:13:30Z,KSFO,Sunday,2026-05-31T06:00:00-07:00,1,71.0,Sunny,"Sunny, with a high near 71. West wind 2 to 17 mph, with gusts as high as 21 mph."
244,2026-05-30T01:13:30Z,KSFO,Sunday Night,2026-05-31T18:00:00-07:00,0,52.0,Mostly Clear,"Mostly clear, with a low around 52."
245,2026-05-30T01:13:30Z,KSFO,Monday,2026-06-01T06:00:00-07:00,1,72.0,Sunny,"Sunny, with a high near 72."
246,2026-05-30T01:13:30Z,KSFO,Monday Night,2026-06-01T18:00:00-07:00,0,52.0,Mostly Clear,"Mostly clear, with a low around 52."
247,2026-05-30T01:13:30Z,KSFO,Tuesday,2026-06-02T06:00:00-07:00,1,69.0,Mostly Sunny,"Mostly sunny, with a high near 69."
248,2026-05-30T01:13:30Z,KSFO,Tuesday Night,2026-06-02T18:00:00-07:00,0,53.0,Partly Cloudy,"Partly cloudy, with a low around 53."
249,2026-05-30T01:13:30Z,KSFO,Wednesday,2026-06-03T06:00:00-07:00,1,71.0,Sunny,"Sunny, with a high near 71."
250,2026-05-30T01:13:30Z,KSFO,Wednesday Night,2026-06-03T18:00:00-07:00,0,54.0,Mostly Clear,"Mostly clear, with a low around 54."
251,2026-05-30T01:13:30Z,KSFO,Thursday,2026-06-04T06:00:00-07:00,1,69.0,Sunny,"Sunny, with a high near 69."
252,2026-05-30T01:13:30Z,KSFO,Thursday Night,2026-06-04T18:00:00-07:00,0,53.0,Mostly Clear,"Mostly clear, with a low around 53."
253,2026-05-30T01:13:30Z,KSEA,This Afternoon,2026-05-29T14:00:00-07:00,1,60.0,Mostly Cloudy,"Mostly cloudy. High near 60, with temperatures falling to around 58 in the afternoon. Northeast wind around 8 mph."
254,2026-05-30T01:13:30Z,KSEA,Tonight,2026-05-29T18:00:00-07:00,0,48.0,Slight Chance Light Rain then Mostly Cloudy,"A slight chance of rain between 8pm and 10pm. Mostly cloudy, with a low around 48. East southeast wind around 8 mph. Chance of precipitation is 20%."
255,2026-05-30T01:13:30Z,KSEA,Saturday,2026-05-30T06:00:00-07:00,1,63.0,Partly Sunny,"Partly sunny, with a high near 63. North northwest wind 3 to 7 mph."
256,2026-05-30T01:13:30Z,KSEA,Saturday Night,2026-05-30T18:00:00-07:00,0,46.0,Partly Cloudy,"Partly cloudy, with a low around 46. North northeast wind 2 to 7 mph."
257,2026-05-30T01:13:30Z,KSEA,Sunday,2026-05-31T06:00:00-07:00,1,66.0,Sunny,"Sunny, with a high near 66. North northeast wind 2 to 10 mph."
258,2026-05-30T01:13:30Z,KSEA,Sunday Night,2026-05-31T18:00:00-07:00,0,48.0,Mostly Clear,"Mostly clear, with a low around 48."
259,2026-05-30T01:13:30Z,KSEA,Monday,2026-06-01T06:00:00-07:00,1,74.0,Sunny,"Sunny, with a high near 74."
260,2026-05-30T01:13:30Z,KSEA,Monday Night,2026-06-01T18:00:00-07:00,0,55.0,Mostly Clear,"Mostly clear, with a low around 55."
261,2026-05-30T01:13:30Z,KSEA,Tuesday,2026-06-02T06:00:00-07:00,1,84.0,Sunny,"Sunny, with a high near 84."
262,2026-05-30T01:13:30Z,KSEA,Tuesday Night,2026-06-02T18:00:00-07:00,0,58.0,Partly Cloudy,"Partly cloudy, with a low around 58."
263,2026-05-30T01:13:30Z,KSEA,Wednesday,2026-06-03T06:00:00-07:00,1,69.0,Slight Chance Light Rain,"A slight chance of rain after 11am. Mostly cloudy, with a high near 69."
264,2026-05-30T01:13:30Z,KSEA,Wednesday Night,2026-06-03T18:00:00-07:00,0,52.0,Slight Chance Light Rain then Mostly Cloudy,"A slight chance of rain before 11pm. Mostly cloudy, with a low around 52."
265,2026-05-30T01:13:30Z,KSEA,Thursday,2026-06-04T06:00:00-07:00,1,68.0,Partly Sunny,"Partly sunny, with a high near 68."
266,2026-05-30T01:13:30Z,KSEA,Thursday Night,2026-06-04T18:00:00-07:00,0,51.0,Partly Cloudy,"Partly cloudy, with a low around 51."
267,2026-05-30T01:13:30Z,KDCA,Tonight,2026-05-29T20:00:00-04:00,0,62.0,Clear,"Clear, with a low around 62. West wind 7 to 10 mph."
268,2026-05-30T01:13:30Z,KDCA,Saturday,2026-05-30T06:00:00-04:00,1,72.0,Sunny,"Sunny, with a high near 72. North wind 10 to 16 mph, with gusts as high as 26 mph."
269,2026-05-30T01:13:30Z,KDCA,Saturday Night,2026-05-30T18:00:00-04:00,0,53.0,Mostly Clear,"Mostly clear, with a low around 53. North wind 5 to 15 mph, with gusts as high as 24 mph."
270,2026-05-30T01:13:30Z,KDCA,Sunday,2026-05-31T06:00:00-04:00,1,76.0,Sunny,"Sunny, with a high near 76. Northwest wind 3 to 7 mph."
271,2026-05-30T01:13:30Z,KDCA,Sunday Night,2026-05-31T18:00:00-04:00,0,58.0,Mostly Clear,"Mostly clear, with a low around 58. South wind around 9 mph."
272,2026-05-30T01:13:30Z,KDCA,Monday,2026-06-01T06:00:00-04:00,1,79.0,Sunny,"Sunny, with a high near 79."
273,2026-05-30T01:13:30Z,KDCA,Monday Night,2026-06-01T18:00:00-04:00,0,59.0,Mostly Clear,"Mostly clear, with a low around 59."
274,2026-05-30T01:13:30Z,KDCA,Tuesday,2026-06-02T06:00:00-04:00,1,76.0,Sunny,"Sunny, with a high near 76."
275,2026-05-30T01:13:30Z,KDCA,Tuesday Night,2026-06-02T18:00:00-04:00,0,58.0,Partly Cloudy,"Partly cloudy, with a low around 58."
276,2026-05-30T01:13:30Z,KDCA,Wednesday,2026-06-03T06:00:00-04:00,1,77.0,Slight Chance Rain Showers,"A slight chance of rain showers between 8am and 2pm. Sunny, with a high near 77."
277,2026-05-30T01:13:30Z,KDCA,Wednesday Night,2026-06-03T18:00:00-04:00,0,58.0,Mostly Clear,"Mostly clear, with a low around 58."
278,2026-05-30T01:13:30Z,KDCA,Thursday,2026-06-04T06:00:00-04:00,1,82.0,Sunny,"Sunny, with a high near 82."
279,2026-05-30T01:13:30Z,KDCA,Thursday Night,2026-06-04T18:00:00-04:00,0,63.0,Mostly Clear,"Mostly clear, with a low around 63."
280,2026-05-30T01:13:30Z,KDCA,Friday,2026-06-05T06:00:00-04:00,1,87.0,Mostly Sunny,"Mostly sunny, with a high near 87."
